Diet Type,Meal Type,Food Item,Glycemic Index,Calories,Carbohydrates (g),Proteins (g),Fats (g),Fiber (g),Image_URL
Vegetarian,Breakfast,Broken Wheat Pongal,40,379,53,20,8,7,https://udupi-recipes.com/wp-content/uploads/2018/01/broken-wheat-sweet-pongal.jpg
Vegetarian,Breakfast,Multi-grain Idli,49,366,25,8,7,9,https://www.zaykakatadka.com/wp-content/uploads/2017/05/idli.jpeg
Vegetarian,Breakfast,Thinai Pongal,36,354,39,17,7,8,https://southindianfoods.in/recipe_picture_enlarge/thinai-pongal-recipe.jpg
Vegetarian,Breakfast,Oats Pongal,48,290,48,6,4,5,https://premasculinary.com/wp-content/uploads/2021/07/Oats-Pongal.jpg
Vegetarian,Breakfast,Sprouted Moong Dosa,53,150,23,19,2,5,https://images.squarespace-cdn.com/content/v1/5d10b2995d7640000181db5d/92f63702-8663-4eec-9b9d-591142341fdf/A98A3F6D-0C51-40DF-B79F-75988EA6A137.jpeg
Vegetarian,Breakfast,Vegetable Kuzhi Paniyaram,43,254,31,9,6,5,"https://i1.wp.com/www.cookingfromheart.com/wp-content/uploads/2018/12/Vegetable-Paniyaram-6.jpg?resize=683,1024"
Vegetarian,Breakfast,Kollu Adai,35,213,32,10,3,6,https://1.bp.blogspot.com/-PBTGJS04-A4/Xs5FeAnHsNI/AAAAAAAA9ZE/IuGz0rCSbwQfnrqMlw6P19bVPjsDQF_SACLcBGAsYHQ/s1600/1590576443940.jpg
Vegetarian,Breakfast,Wheat Upma,50,212,54,18,2,10,https://www.archanaskitchen.com/images/archanaskitchen/0-Archanas-Kitchen-Recipes/2017/26-sep/Broken_Wheat_Upma_Recipe-2_1600.jpg
Vegetarian,Breakfast,Ragi Dosa with Mint Chutney,46,232,44,14,2,4,http://www.dtreena.com/wp-content/uploads/2019/09/ragi-dosa.jpg
Vegetarian,Breakfast,Kuthiraivali Dosa,54,201,41,17,5,5,https://i.pinimg.com/originals/24/30/af/2430af642bb1daec8081518e887cfa3e.jpg
Vegetarian,Breakfast,Kambu Koozh,48,187,32,16,10,9,http://2.bp.blogspot.com/-ClbWyK0dwAE/VHnV5uI7QGI/AAAAAAAAPHk/xkla1MnIgXY/s1600/kambu-koozh_final2.jpg
Vegetarian,Breakfast,Kuthiraivali Upma,47,318,27,20,6,9,https://foodwhirl.com/wp-content/uploads/2015/07/Kuthiraivali-upma.jpg
Vegetarian,Breakfast,Vegetable Dalia,39,305,22,10,5,9,https://www.cookwithmanali.com/wp-content/uploads/2022/08/Instant-Pot-Vegetable-Daliya.jpg
Vegetarian,Breakfast,Quinoa Idli,40,205,52,7,4,8,https://ministryofcurry.com/wp-content/uploads/2020/07/quinoa-idli-3-850x1275.jpg
Vegetarian,Breakfast,Vegetable Sevai,51,278,50,10,3,5,http://1.bp.blogspot.com/-ubqUx3bAN7w/T5Ri1Lz3jxI/AAAAAAAAFGM/i7DKBwrsaJs/s1600/sevai.jpg
Vegetarian,Breakfast,Samai Pongal,51,211,23,9,8,7,https://i1.wp.com/foodybuddy.net/wp-content/uploads/2014/12/samaipongal.jpg.jpg?w=1200
Vegetarian,Breakfast,Masala Oats,43,360,36,6,10,5,https://smithakalluraya.com/wp-content/uploads/2023/03/masala-oats-recipe-1080x1735.jpg
Vegetarian,Breakfast,Navadhanya Adai,51,308,43,6,10,9,https://4.bp.blogspot.com/-oXiv75wPA58/Vx211bCDl-I/AAAAAAAAqIQ/erHz0UL9o_QIeuSBR75ISmCKF6PYnekkQCLcB/s1600/IMG_6032A.jpg
Vegetarian,Breakfast,Sprouted Ragi Porridge,45,291,22,17,4,6,https://cdn.shopify.com/s/files/1/1695/6563/articles/Sprouted_Ragi_Almond_Date_800x.png?v=1485438190
Vegetarian,Breakfast,Millet Uttapam,51,243,51,8,5,7,https://www.sizzlingtastebuds.com/wp-content/uploads/2020/08/samai2Buttapam_2.jpg
Vegetarian,Breakfast,Ragi Idiyappam,42,246,50,5,5,7,"https://i0.wp.com/cookingfromheart.com/wp-content/uploads/2020/03/Ragi-Idiyappam-2.jpg?resize=683,1024&ssl=1"
Vegetarian,Breakfast,Vegetable Poha,40,249,27,12,2,9,"https://i2.wp.com/mytastycurry.com/wp-content/uploads/2017/04/veg-poha-2.jpeg?fit=604,1024&ssl=1"
Vegetarian,Breakfast,Vendhaya Dosai,52,364,21,6,9,8,https://i.pinimg.com/originals/a1/09/a2/a109a274b027c66f4890d19b294953ff.jpg
Vegetarian,Breakfast,Barnyard Millet Roti,44,350,33,17,6,5,https://www.balancenutrition.in/images/receipe-img/1533647148_large.png?cache=4
Vegetarian,Breakfast,Kodo Millet Pongal,49,370,27,11,3,9,https://www.sandyathome.com/wp-content/uploads/2021/01/kodo-millet-pongal-recipe-1536x864.jpeg
Vegetarian,Lunch,Pumpkin Sambar with Millet Rice,51,390,22,8,9,9,https://www.yummytummyaarthi.com/wp-content/uploads/2014/12/1-45.jpg
Vegetarian,Lunch,Keerai Masiyal with Kambu Sadam,49,357,45,12,5,9,http://www.nithyas-kitchen.com/wp-content/uploads/2014/05/keerai-masiyal.1024x1024.jpg
Vegetarian,Lunch,Snake Gourd Kootu with Quinoa,50,252,26,5,10,10,http://www.cookingwithshobha.com/wp-content/uploads/2011/12/Podalangai-Kootu-1.jpg
Vegetarian,Lunch,Brown Rice with Sambar,52,260,54,9,5,10,https://www.kannammacooks.com/wp-content/uploads/sambar-sadam-made-with-brown-rice-recipe-1-3.jpg
Vegetarian,Lunch,Moringa Leaves Curry with Rice,44,291,23,13,5,6,https://i.pinimg.com/originals/20/ea/c4/20eac4bce560560a2af592c45e1f994b.jpg
Vegetarian,Lunch,Vendhaya Kulambu with Rice,55,310,29,20,10,9,https://www.subbuskitchen.com/wp-content/uploads/2019/12/Vendhaya-Kuzhambu_finalforweb3-scaled.jpg
Vegetarian,Lunch,Carrot Beans Poriyal with Rice,49,162,34,19,8,5,https://www.indianveggiedelight.com/wp-content/uploads/2021/02/carrot-beans-poriyal.jpg
Vegetarian,Lunch,Drumstick Rasam with Rice,52,280,50,12,4,10,https://i.pinimg.com/originals/e1/32/a1/e132a14753cd02339685046ceb38fcae.jpg
Vegetarian,Lunch,Mixed Sprout Curry with Chapati,38,388,23,12,8,6,https://i.pinimg.com/originals/1e/a5/cc/1ea5cce24548c3d95b6c3a0f7a7eeb44.jpg
Vegetarian,Lunch,Mixed Millet Upma,54,280,42,5,3,8,https://www.archanaskitchen.com/images/archanaskitchen/1-Author/Shaheen_Ali/BROKEN_WHEAT__MIXED_MILLET_UPMA.jpg
Vegetarian,Lunch,Quinoa Tomato Rice,44,336,27,10,9,9,https://media1.popsugar-assets.com/files/thumbor/f2qhaqdA8LDAqwvHF9Lpk-iLVtg/fit-in/1024x1024/filters:format_auto-!!-:strip_icc-!!-/2015/07/27/820/n/1922195/59ac496f6408540f_Quinoa-and-Sundried-Tomato-Salad/i/Quinoa-Brown-Rice-Sun-Dried-Tomato-Salad.jpg
Vegetarian,Lunch,Vegetable Kurma with Chapati,42,152,55,5,5,7,http://www.padhuskitchen.com/wp-content/uploads/2013/11/chapati-kurma.jpg
Vegetarian,Lunch,Vegetable Pulao with Thinai,54,363,53,19,5,4,https://thespicemess.com/wp-content/uploads/2021/01/Vegetable-Pulao-21-feature.jpg
Vegetarian,Lunch,Thinai Sadam with Avial,55,268,32,20,2,9,https://www.southindianfoods.in/recipe_picture_enlarge/lemon-foxtail-millet-thinai-elumichai-sadam.jpg
Vegetarian,Lunch,Kootu with Red Rice,48,164,45,8,7,7,https://indiancurrytrail.com/wp-content/uploads/2023/03/Zucchini-Kootu-1-1.jpeg
Vegetarian,Lunch,Rajma Curry with Millet Roti,37,369,47,15,6,6,https://www.cubesnjuliennes.com/wp-content/uploads/2020/06/Authentic-Punjabi-Rajma-Recipe.jpg
Vegetarian,Lunch,Tamarind Rice with Millet,41,297,49,12,7,8,https://www.ticklingpalates.com/wp-content/uploads/2016/10/Millet-tamarind-rice-recipe.jpg
Vegetarian,Lunch,Millet Khichdi,40,381,25,18,7,8,https://www.funfoodfrolic.com/wp-content/uploads/2023/03/Millet-Khichdi-2.jpg
Vegetarian,Lunch,Ash Gourd Sambar with Wheat Dosa,52,207,27,7,3,9,https://hebbarskitchen.com/wp-content/uploads/2017/05/ash-gourd-sambar-recipe-kumblakai-koddel-or-sambar-recipe-1-696x927.jpeg
Vegetarian,Lunch,Cabbage Poriyal with Chapati,40,161,29,10,2,4,http://4.bp.blogspot.com/-BLrUsH0pxOU/UmjcB2M2dlI/AAAAAAAABos/3XK1ELpik9g/s1600/DSC03077.JPG
Vegetarian,Lunch,Brinjal Gothsu with Millet Rice,39,171,50,19,10,7,"https://i0.wp.com/www.kamalascorner.com/wp-content/uploads/2011/12/gothsu.jpg?resize=750,500&ssl=1"
Vegetarian,Lunch,Vegetable Stew with Broken Wheat,48,230,26,12,5,8,https://www.archanaskitchen.com/imgcache/images/archanaskitchen/0-Affiliate-Articles/Pumpkin_Stew_With_Chickpeas__1_1_800x640.jpg
Vegetarian,Lunch,Cucumber Pachadi with Barnyard Millet,39,289,37,8,7,4,https://recipes.timesofindia.com/thumb/60335250.cms?imgsize=355639&width=800&height=800
Vegetarian,Lunch,Dal Tadka with Red Rice,50,239,50,17,4,6,https://www.thecuriouschickpea.com/wp-content/uploads/2019/04/masoor-tadka-dal-4.jpg
Vegetarian,Lunch,Chow Chow Kootu with Ragi Roti,37,240,49,18,7,10,https://www.jeyashriskitchen.com/wp-content/uploads/2010/10/IMG_4442.jpg
Vegetarian,Snacks,Vegetable Spring Rolls (Baked),52,282,25,17,4,8,https://www.connoisseurusveg.com/wp-content/uploads/2022/04/baked-spring-rolls-sq.jpg
Vegetarian,Snacks,Peanut Masala,35,399,55,6,2,8,https://rakskitchen.net/wp-content/uploads/2021/07/featured-masala-peanuts.jpg
Vegetarian,Snacks,Vegetable Soup,45,329,25,16,5,8,https://kendrastreats.com/wp-content/uploads/2016/09/IMG_3211-2.jpg
Vegetarian,Snacks,Almond and Flaxseed Ladoo,46,180,42,14,3,8,https://images.slurrp.com/prod/recipe_images/better-butter/flaxseed-almond-ladoo-1614316823_COTCMJ9C1PY5L9DLKDNK.webp
Vegetarian,Snacks,Ragi Cookies,39,173,35,9,2,9,https://www.cookwithmanali.com/wp-content/uploads/2021/01/Ragi-Cookies.jpg
Vegetarian,Snacks,Cucumber Sticks with Hummus,37,203,45,6,7,8,https://hurrythefoodup.com/wp-content/uploads/2021/10/Cucumber-Sticks-with-Hummus.jpg
Vegetarian,Snacks,Paneer Tikka,42,195,25,16,9,10,https://www.cookforindia.com/wp-content/uploads/2016/08/Paneer-Tikka-_LR.jpg
Vegetarian,Snacks,Sesame Chikki,47,169,23,11,8,6,https://udupi-recipes.com/wp-content/uploads/2018/12/Tasty-sesame-chikki.jpg
Vegetarian,Snacks,Carrot and Cucumber Salad,47,249,22,8,7,10,https://joyfilledeats.com/wp-content/uploads/2022/10/carrot-and-cucumber-salad-3-2.jpg
Vegetarian,Snacks,Low-GI Trail Mix,41,313,22,18,2,9,https://i.pinimg.com/originals/8b/7e/9b/8b7e9b341f42ed42322b884ddee117e3.jpg
Vegetarian,Snacks,Mixed Fruit Chaat,36,221,28,12,6,6,https://2.bp.blogspot.com/-K_N8M-U6Ios/Wojvh143J0I/AAAAAAAAfwE/MwKEzTE6Q9odFUfjFWIdb-XIBT9IF6gzQCEwYBhgL/s1600/587.jpg
Vegetarian,Snacks,Green Gram Sundal,40,387,54,16,3,6,http://farm9.staticflickr.com/8457/8073690952_876ccb4524_o.jpg
Vegetarian,Snacks,Masala Buttermilk,49,155,40,14,3,9,https://www.archanaskitchen.com/images/archanaskitchen/Indian_Beverages/Masala_Chaas_Recipe_Indian_Spiced_Buttermilk-1_1600.jpg
Vegetarian,Snacks,Baked Bhakarwadi,44,249,51,17,8,6,https://www.archanaskitchen.com/images/archanaskitchen/1-Author/Divya_Shivaraman_/Baked_Bhakarwadi_Recipe.jpg
Vegetarian,Snacks,Sprouted Moong Salad,47,356,24,5,3,9,http://www.tarladalal.com/members/9306/big/big_sprouted_moong_salad-8057.jpg
Vegetarian,Snacks,Spinach Pakora (Air-fried),37,300,34,16,2,8,https://2.bp.blogspot.com/-q3Lf3YxpFs8/XEV0HlaL8rI/AAAAAAAAFdA/MQOOhAg9yegnKbQN8LqmwJWiKDjHY_zbQCEwYBhgL/s1600/20190117_084552.jpg
Vegetarian,Snacks,Boiled Channa,38,313,43,11,5,7,https://i.pinimg.com/originals/bd/cc/08/bdcc08a8be641fab03f5dadaa619937a.jpg
Vegetarian,Snacks,Tomato Soup,50,218,54,11,4,8,https://www.cookingclassy.com/wp-content/uploads/2020/10/tomato-soup-7.jpg
Vegetarian,Snacks,Protein Bar (Homemade),40,225,29,11,7,5,http://freshfitnhealthy.com/wp-content/uploads/2016/08/chocolateproteinbars.jpg
Vegetarian,Snacks,Ragi Murukku,43,279,37,8,6,7,http://foodandremedy.com/wp-content/uploads/2013/12/Ragi-Chakli.jpg
Vegetarian,Snacks,Bajra Murukku,42,324,21,18,5,9,"https://cdn.tarladalal.com/members/9306/big/big_bajra_chakli,_bajra_murukku-15203.jpg?size=696X905"
Vegetarian,Snacks,Pumpkin Seeds Mix,48,348,23,20,5,7,http://www.thewannabechef.net/wp-content/uploads/2012/01/pumpkin-seed-trail-mix.jpg
Vegetarian,Snacks,Chia Seed Pudding,39,329,30,12,2,5,https://healthyfitnessmeals.com/wp-content/uploads/2021/07/Chia-pudding-11.jpg
Vegetarian,Snacks,Oats and Jaggery Ladoo,44,170,55,15,8,4,"https://i0.wp.com/foodtrails25.com/wp-content/uploads/2020/08/Oats-nut-ladoo.jpeg?resize=720,561&ssl=1"
Vegetarian,Snacks,Roasted Makhana,41,210,33,11,2,8,https://cdn2.foodviva.com/static-content/food-images/snacks-recipes/roasted-makhana-masala/roasted-makhana-masala.jpg
Vegetarian,Dinner,Brinjal Stir Fry with Chapati,37,274,22,18,2,10,https://1.bp.blogspot.com/-LV2xWj_Ex-Y/XyY7ViafEAI/AAAAAAAAkjY/Ijfg8c-qyeIUPm7Er8gnfX8Qc9qC0IZBACLcBGAsYHQ/s2048/20200702_111917.jpg
Vegetarian,Dinner,Vegetable Upma,36,294,30,11,8,10,https://myfoodstory.com/wp-content/uploads/2022/11/Vegetable-Upma-2-1024x1536.jpg
Vegetarian,Dinner,Quinoa Salad with Sprouts,39,301,44,5,8,7,https://veganleaves.com/wp-content/uploads/2019/06/IMG_0608.jpg
Vegetarian,Dinner,Kollu Rasam with Rice,54,392,33,5,5,10,https://3.bp.blogspot.com/-RKIM56YIrd8/T3juvjtde9I/AAAAAAAACN4/hV3Yzchy_kY/s1600/Kollu+Rasam+-+Kerala+Recipe.jpg
Vegetarian,Dinner,Sambar with Multi-Millet Rice,47,352,24,8,10,10,https://www.sandyathome.com/wp-content/uploads/2020/09/kutharaivali-sambar-sadam-1-1024x1536.jpg
Vegetarian,Dinner,Soya Chunk Curry with Rice,54,205,34,19,10,4,https://www.indianhealthyrecipes.com/wp-content/uploads/2021/05/soya-chunks-curry-recipe-680x510.jpg
Vegetarian,Dinner,Sprouted Green Gram Curry,45,227,28,7,6,8,https://i1.wp.com/eateriesdelightful.com/wp-content/uploads/2020/01/dsc_3819.jpg?w=750&ssl=1
Vegetarian,Dinner,Drumstick Leaves Stir Fry,43,386,27,14,6,4,https://www.indianhealthyrecipes.com/wp-content/uploads/2013/11/drumstick-leaves-stir-fry.jpg
Vegetarian,Dinner,Broccoli Stir Fry with Red Rice,42,329,31,7,10,8,https://kristineskitchenblog.com/wp-content/uploads/2022/04/broccoli-stir-fry-19-2.jpg
Vegetarian,Dinner,Vegetable Adai,39,330,24,14,7,9,https://www.awesomecuisine.com/wp-content/uploads/2018/08/vegetable-adai.jpg
Vegetarian,Dinner,Thinai Pongal with Buttermilk,52,333,52,14,10,5,https://c5.staticflickr.com/9/8363/28912896652_bdd62ef890_o.jpg
Vegetarian,Dinner,Oats Khichdi,49,169,28,9,7,10,https://www.funfoodfrolic.com/wp-content/uploads/2022/01/Oats-Khichdi-Blog.jpg
Vegetarian,Dinner,Tomato Rasam with Millet Rice,46,180,52,14,7,6,https://www.yummyoyummy.com/wp-content/uploads/2015/05/Tomato-rasam.jpg
Vegetarian,Dinner,Tomato Uthappam,37,310,30,7,10,9,https://www.awesomecuisine.com/wp-content/uploads/2015/04/Tomato-Uttapam.jpg
Vegetarian,Dinner,Kuthiraivali Pongal with Curd,48,295,49,12,2,10,https://3.bp.blogspot.com/-5rxW21afxNU/WPglsc3xlVI/AAAAAAAAYX8/CWG0NDgDwr0_KG8Iiz0M3fGqDdxctNDIACLcB/s1600/Kuthiraivali+Pongal_finalforweb4.jpg
Vegetarian,Dinner,Mixed Vegetable Soup,43,257,52,17,2,7,https://images.eatsmarter.com/sites/default/files/styles/920x690/public/mixed-vegetable-soup-592992.jpg
Vegetarian,Dinner,Pumpkin Soup,48,399,43,16,2,6,https://healthyfitnessmeals.com/wp-content/uploads/2019/09/Roasted-pumpkin-soup-8.jpg
Vegetarian,Dinner,Cucumber Raita with Red Rice,50,305,48,20,2,9,https://www.indianveggiedelight.com/wp-content/uploads/2022/12/cucumber-raita-recipe-1.jpg
Vegetarian,Dinner,Bajra Roti with Chutney,46,215,46,7,9,10,https://globalbihari.com/wp-content/uploads/2023/01/IMG_20230102_133415-1-scaled.jpg
Vegetarian,Dinner,Cabbage Stir Fry with Chapati,46,361,39,5,4,9,https://www.ajinomoto.com.my/sites/default/files/content/recipe/image/2022-10/cabbage+with+chapati+1.jpg
Vegetarian,Dinner,Kambu Dosai with Tomato Chutney,37,346,31,8,4,6,https://www.sharmispassions.com/wp-content/uploads/2020/12/14663868019_46775bcfbe_o.jpg
Vegetarian,Dinner,Ragi Idli with Coconut Chutney,50,193,27,20,10,4,https://img-global.cpcdn.com/recipes/890a85085f17327a/680x482cq70/ragi-idli-with-coconut-chutney-recipe-main-photo.jpg
Vegetarian,Dinner,Wheat Roti with Dal,39,259,40,20,2,4,https://www.cookwithmanali.com/wp-content/uploads/2020/03/Roti-Indian-Flatbread.jpg
Vegetarian,Dinner,Millet Pongal,45,277,32,9,5,9,https://www.indianveggiedelight.com/wp-content/uploads/2021/04/millet-pongal-instant-pot-1152x1536.jpg
Vegetarian,Dinner,Vegetable Dosa,55,189,39,7,4,8,https://www.awesomecuisine.com/wp-content/uploads/2019/11/vegetable-dosa.jpg
Non-Vegetarian,Breakfast,Chicken Kuzhambu with Millet Rice,38,214,23,17,9,8,http://myediblecravings.com/wp-content/uploads/2014/05/132.jpg
Non-Vegetarian,Breakfast,Oats and Egg Omelette,53,200,33,8,10,10,https://www.indianhealthyrecipes.com/wp-content/uploads/2015/10/oats-egg-omelette-recipe.jpg
Non-Vegetarian,Breakfast,Egg Bhurji with Chapati,52,293,33,17,10,5,https://c8.alamy.com/comp/2EBTYHN/spicy-egg-bhurji-with-chapati-roti-scrambled-egg-with-indian-flatbread-paratha-green-peas-lentil-protein-rich-breakfast-food-delhi-india-masala-2EBTYHN.jpg
Non-Vegetarian,Breakfast,Chicken Adai,45,195,30,15,10,5,https://farm4.staticflickr.com/3766/9407059376_9970d43532_b.jpg
Non-Vegetarian,Breakfast,Ragi Roti with Fish Curry,38,314,47,9,8,4,https://www.indianhealthyrecipes.com/wp-content/uploads/2014/10/ragi-roti-recipe-1.jpg
Non-Vegetarian,Breakfast,Vegetable and Egg Upma,35,332,53,11,2,10,https://d36v5spmfzyapc.cloudfront.net/wp-content/uploads/2021/02/Veg-Upma-2.jpg
Non-Vegetarian,Breakfast,Egg Whites with Keerai Sadam,47,262,26,19,5,9,https://3.bp.blogspot.com/-WV6p4W7PKxc/WCGXsECjQ6I/AAAAAAAAVck/09JpxLBl26QMjfHTMEKbxSQ4mCpuZgtngCLcB/s1600/IMG_5841.JPG
Non-Vegetarian,Breakfast,Broken Wheat with Chicken Stew,36,155,20,20,3,9,http://www.recipesaresimple.com/wp-content/uploads/2015/09/chicken-haleem.jpg
Non-Vegetarian,Breakfast,Quinoa with Egg Curry,36,324,28,15,9,8,http://www.kosherinthekitch.com/wp-content/uploads/2016/08/egg.jpg
Non-Vegetarian,Breakfast,Ragi Pancakes with Egg Whites,52,291,43,16,10,7,https://recipes.timesofindia.com/thumb/54718645.cms?imgsize=306527&width=800&height=800
Non-Vegetarian,Breakfast,Egg Puttu,35,159,31,9,8,6,http://www.yummyoyummy.com/wp-content/uploads/2014/03/Mutta-puttu.jpg
Non-Vegetarian,Breakfast,Oats and Egg Bhurji,54,353,45,19,4,6,https://i.pinimg.com/originals/67/06/52/6706521e8710cad03ab3e43847aa516d.jpg
Non-Vegetarian,Breakfast,Prawn Masala with Thinai,40,157,43,9,6,6,https://thespiceadventuress.com/wp-content/uploads/2022/08/kerala-prawn-masala-4-scaled.jpg
Non-Vegetarian,Breakfast,Fish Cutlets,36,306,49,11,5,5,https://www.mapsofindia.com/ci-moi-images/my-india/fish-cutlet.jpg
Non-Vegetarian,Breakfast,Scrambled Eggs with Red Rice,43,284,41,13,3,7,https://www.budgetbytes.com/wp-content/uploads/2023/10/Scrambled-Eggs-With-Rice-Plated.jpg
Non-Vegetarian,Breakfast,Fish Curry with Idiyappam,44,364,26,15,6,4,https://i.redd.it/if0hwildxo941.jpg
Non-Vegetarian,Breakfast,Egg Dosa,46,217,60,15,5,6,https://www.sandyathome.com/wp-content/uploads/2017/05/File_004-14.png
Non-Vegetarian,Breakfast,Mutton Paya Soup,54,169,56,17,2,8,https://recipes.timesofindia.com/thumb/70361843.cms?imgsize=328990&width=800&height=800
Non-Vegetarian,Breakfast,Spiced Chicken Soup,46,388,38,11,3,8,https://tastesbetterfromscratch.com/wp-content/uploads/2010/11/Spicy-Chicken-Soup-1.jpg
Non-Vegetarian,Breakfast,Chicken Omelette,54,339,35,9,10,8,https://www.pureandsimplenourishment.com/wp-content/uploads/2020/11/Chicken-Omelette-14.jpg
Non-Vegetarian,Breakfast,Chicken Keema with Red Rice,40,150,46,8,10,5,https://flavoursofmykitchen.com/wp-content/uploads/2020/05/MG_6608-scaled.jpg
Non-Vegetarian,Breakfast,Baked Fish with Ragi Roti,44,329,25,12,10,9,https://i.ytimg.com/vi/CrbEpS9wz_o/maxresdefault.jpg
Non-Vegetarian,Breakfast,Tomato and Egg Stir Fry,38,365,27,17,5,8,https://ohsnapletseat.com/wp-content/uploads/2020/12/Chinese-Tomato-Egg-Stir-Fry-10-scaled.jpg
Non-Vegetarian,Breakfast,Millet Roti with Chicken Masala,48,283,21,19,2,5,https://cdn.millettable.com/wp-content/comment-image/6965.jpg
Non-Vegetarian,Breakfast,Mutton Keema Dosai,52,379,40,16,8,10,https://www.licious.in/blog/wp-content/uploads/2023/01/shutterstock_566365732.jpg
Non-Vegetarian,Lunch,Crab Curry with Broken Wheat,49,275,52,20,4,6,https://honest-food.net/wp-content/uploads/2018/01/crab-curry-recipe.jpg
Non-Vegetarian,Lunch,Mutton Kurma with Millet Pulao,41,292,23,20,10,8,https://www.licious.in/blog/wp-content/uploads/2020/12/Mutton-Pulao-600x600.jpg
Non-Vegetarian,Lunch,Grilled Salmon with Stir-Fried Vegetables,36,205,21,12,2,4,https://ifoodreal.com/wp-content/uploads/2017/08/salmon-stir-fry-5-768x1160.jpg
Non-Vegetarian,Lunch,Chicken Chettinad with Brown Rice,51,188,43,14,3,8,https://indiantastes.in/wp-content/uploads/2022/12/Chicken-Chettinad-Recipe-min.png
Non-Vegetarian,Lunch,Kozhi Rasam with Rice,37,209,39,14,7,8,https://www.sandyathome.com/wp-content/uploads/2021/01/kozhi-rasam.jpeg
Non-Vegetarian,Lunch,Oats Porridge with Boiled Egg,48,327,39,17,9,7,https://thumbs.dreamstime.com/b/breakfast-oatmeal-porridge-boiled-eggs-cucumber-strawberry-healthy-balanced-food-269733829.jpg
Non-Vegetarian,Lunch,Grilled Fish with Salad,38,291,35,16,7,4,https://www.happyfoodstube.com/wp-content/uploads/2017/06/grilled-whole-fish-with-italian-bread-salad-picture.jpg
Non-Vegetarian,Lunch,Chicken Kebab with Quinoa,38,237,34,11,10,9,https://www.aspicyperspective.com/wp-content/uploads/2017/03/pesto-chicken-kebabs-quinoa-pilaf-18.jpg
Non-Vegetarian,Lunch,Fish Tikka with Millet Rice,54,358,59,8,8,6,https://vaya.in/recipes/wp-content/uploads/2018/03/Fish-Tikka.jpg
Non-Vegetarian,Lunch,Mutton Kola Urundai with Red Rice,55,328,46,16,8,6,https://melam.com/wp-content/uploads/2022/12/madurai-mutton-kolai-urundai.jpg
Non-Vegetarian,Lunch,Mutton Sukka with Millet Rice,54,165,56,8,7,8,https://images.slurrp.com/prod/articles/ms7ql74y4nj.webp
Non-Vegetarian,Lunch,Egg Fried Quinoa,53,384,33,17,10,9,https://consciousbykomal.com/wp-content/uploads/2017/08/thumb_img_2859_1024.jpg
Non-Vegetarian,Lunch,Egg Curry with Millet Roti,37,346,58,18,5,9,"https://images.fittrapi.com/tr:w-1024,pr-true,q-60/c13a66a1-64fb-4111-8ab7-663ee3a11726.jpg"
Non-Vegetarian,Lunch,Mutton Chops with Thinai Sadam,41,323,40,17,3,4,https://www.foodfusion.com/wp-content/uploads/2019/08/Tandoori-Mutton-Chops-Recipe-by-food-fusion-4.jpg?v=1587763191
Non-Vegetarian,Lunch,Grilled Prawn with Millet Upma,40,214,48,15,5,6,https://www.spicypunch.com/wp-content/uploads/2019/11/grilled-prawns-recipe-1.jpg
Non-Vegetarian,Lunch,Prawn Masala with Chapati,37,264,37,17,2,10,https://thespiceadventuress.com/wp-content/uploads/2022/08/kerala-prawn-masala-4-scaled.jpg
Non-Vegetarian,Lunch,Chicken Stew with Ragi Roti,42,151,35,14,2,4,https://wpvip.publix.com/blackcommunity/wp-content/uploads/sites/11/2022/04/Caribbean-Chicken-Curry-Stew-with-Roti-Wraps.jpg
Non-Vegetarian,Lunch,Tandoori Chicken with Bajra Roti,36,193,42,16,4,5,https://www.yummyoyummy.com/wp-content/uploads/2020/11/IMG_9730-scaled.jpg
Non-Vegetarian,Lunch,Chicken Salad with Brown Rice,53,393,58,15,9,5,https://www.tasteofhome.com/wp-content/uploads/2018/05/Brown-Rice-Salad-with-Grilled-Chicken_exps16302_CX1995537B04_08_1b_RMS.jpg
Non-Vegetarian,Lunch,Mutton Dalcha with Brown Rice,46,163,49,15,3,6,https://yummyindiankitchen.com/wp-content/uploads/2014/09/dalcha-recipe-hyderabadi-style-with-mutton-1152x1536.jpg
Non-Vegetarian,Lunch,Boiled Egg with Keerai Masiyal,47,215,21,9,10,7,https://i.pinimg.com/originals/4f/59/3d/4f593d30509a5a1df0e84df3ad724ff0.jpg
Non-Vegetarian,Lunch,Fish Kuzhambu with Red Rice,55,355,34,13,3,9,https://www.sandyathome.com/wp-content/uploads/2016/11/IMG_3692.jpg
Non-Vegetarian,Lunch,Pepper Chicken with Wheat Dosa,51,297,32,10,7,9,https://myannoyingopinions.files.wordpress.com/2022/09/dosa-pepper-chicken-served.jpg
Non-Vegetarian,Lunch,Spiced Egg Curry with Chapati,36,207,40,10,8,4,https://i.pinimg.com/originals/b7/0a/5f/b70a5f86855cb7418c7eed4d500cbadb.jpg
Non-Vegetarian,Lunch,Prawn Roast with Ragi Idiyappam,52,152,25,15,9,4,https://i.ytimg.com/vi/6hqe5mEPMxg/maxresdefault.jpg?sqp=-oaymwEoCIAKENAF8quKqQMcGADwAQH4AbYIgAKAD4oCDAgAEAEYciBDKCwwDw==&rs=AOn4CLCTtMWzgReFjn4kAea63j7uApJ1BQ
