Diet Type,Meal Type,Food Item,Glycemic Index,Calories,Carbohydrates (g),Proteins (g),Fats (g),Fiber (g),Image Filename,Image_URL
Vegetarian,Breakfast,Millet Uttapam,46,346,23.0,10.0,5.0,7.0,millet_uttapam.jpg,https://www.sizzlingtastebuds.com/wp-content/uploads/2020/08/samai2Buttapam_2.jpg
Vegetarian,Breakfast,Samai Pongal,37,162,56.0,9.0,10.0,10.0,samai_pongal.jpg,https://i1.wp.com/foodybuddy.net/wp-content/uploads/2014/12/samaipongal.jpg.jpg?w=1200
Vegetarian,Breakfast,Vegetable Poha,35,261,33.0,11.0,10.0,8.0,vegetable_poha.jpg,http://slurrp.club/wp-content/uploads/2019/05/DSC_0935.jpg
Vegetarian,Breakfast,Kollu Adai,43,392,53.0,12.0,6.0,5.0,kollu_adai.jpg,https://1.bp.blogspot.com/-PBTGJS04-A4/Xs5FeAnHsNI/AAAAAAAA9ZE/IuGz0rCSbwQfnrqMlw6P19bVPjsDQF_SACLcBGAsYHQ/s1600/1590576443940.jpg
Vegetarian,Breakfast,Quinoa Idli,45,276,28.0,12.0,2.0,8.0,quinoa_idli.jpg,https://ministryofcurry.com/wp-content/uploads/2020/07/quinoa-idli-3-850x1275.jpg
Vegetarian,Breakfast,Sprouted Ragi Porridge,38,240,30.0,12.0,10.0,4.0,sprouted_ragi_porridge.jpg,https://cdn.shopify.com/s/files/1/1695/6563/articles/Sprouted_Ragi_Almond_Date_800x.png?v=1485438190
Vegetarian,Breakfast,Navadhanya Adai,41,346,30.0,14.0,6.0,8.0,navadhanya_adai.jpg,https://4.bp.blogspot.com/-oXiv75wPA58/Vx211bCDl-I/AAAAAAAAqIQ/erHz0UL9o_QIeuSBR75ISmCKF6PYnekkQCLcB/s1600/IMG_6032A.jpg
Vegetarian,Breakfast,Kodo Millet Pongal,41,223,46.0,13.0,8.0,4.0,kodo_millet_pongal.jpg,https://udupi-recipes.com/wp-content/uploads/2016/03/Overwhelmingly-tasty-kodo-millet-pongal.jpg
Vegetarian,Breakfast,Masala Oats,46,192,30.0,16.0,7.0,4.0,masala_oats.jpg,https://smithakalluraya.com/wp-content/uploads/2023/03/masala-oats-recipe-1080x1735.jpg
Vegetarian,Breakfast,Multi-grain Idli,36,236,37.0,15.0,10.0,7.0,multi-grain_idli.jpg,https://www.zaykakatadka.com/wp-content/uploads/2017/05/idli.jpeg
Vegetarian,Breakfast,Thinai Pongal,48,262,47.0,11.0,4.0,7.0,thinai_pongal.jpg,https://southindianfoods.in/recipe_picture_enlarge/thinai-pongal-recipe.jpg
Vegetarian,Breakfast,Kambu Koozh,49,201,49.0,7.0,4.0,7.0,kambu_koozh.jpg,http://2.bp.blogspot.com/-ClbWyK0dwAE/VHnV5uI7QGI/AAAAAAAAPHk/xkla1MnIgXY/s1600/kambu-koozh_final2.jpg
Vegetarian,Breakfast,Ragi Dosa with Mint Chutney,38,389,22.0,13.0,4.0,5.0,ragi_dosa_with_mint_chutney.jpg,http://www.dtreena.com/wp-content/uploads/2019/09/ragi-dosa.jpg
Vegetarian,Breakfast,Broken Wheat Pongal,49,368,29.0,20.0,8.0,7.0,broken_wheat_pongal.jpg,https://udupi-recipes.com/wp-content/uploads/2018/01/broken-wheat-sweet-pongal.jpg
Vegetarian,Breakfast,Barnyard Millet Roti,37,322,27.0,8.0,8.0,8.0,barnyard_millet_roti.jpg,https://www.balancenutrition.in/images/receipe-img/1533647148_large.png?cache=4
Vegetarian,Breakfast,Wheat Upma,43,299,49.0,11.0,10.0,7.0,wheat_upma.jpg,https://www.archanaskitchen.com/images/archanaskitchen/0-Archanas-Kitchen-Recipes/2017/26-sep/Broken_Wheat_Upma_Recipe-2_1600.jpg
Vegetarian,Breakfast,Vegetable Dalia,45,260,51.0,12.0,8.0,8.0,vegetable_dalia.jpg,https://www.cookwithmanali.com/wp-content/uploads/2022/08/Instant-Pot-Vegetable-Daliya.jpg
Vegetarian,Breakfast,Kuthiraivali Dosa,52,387,21.0,12.0,9.0,6.0,kuthiraivali_dosa.jpg,https://i.pinimg.com/originals/24/30/af/2430af642bb1daec8081518e887cfa3e.jpg
Vegetarian,Breakfast,Sprouted Moong Dosa,38,201,22.0,10.0,4.0,7.0,sprouted_moong_dosa.jpg,https://images.squarespace-cdn.com/content/v1/5d10b2995d7640000181db5d/92f63702-8663-4eec-9b9d-591142341fdf/A98A3F6D-0C51-40DF-B79F-75988EA6A137.jpeg
Vegetarian,Breakfast,Oats Pongal,46,201,28.0,14.0,3.0,6.0,oats_pongal.jpg,https://premasculinary.com/wp-content/uploads/2021/07/Oats-Pongal.jpg
Vegetarian,Breakfast,Kuthiraivali Upma,51,222,47.0,13.0,6.0,8.0,kuthiraivali_upma.jpg,https://foodwhirl.com/wp-content/uploads/2015/07/Kuthiraivali-upma.jpg
Vegetarian,Breakfast,Vegetable Kuzhi Paniyaram,55,315,43.0,18.0,6.0,4.0,vegetable_kuzhi_paniyaram.jpg,"https://i1.wp.com/www.cookingfromheart.com/wp-content/uploads/2018/12/Vegetable-Paniyaram-6.jpg?resize=683,1024"
Vegetarian,Breakfast,Vendhaya Dosai,50,345,50.0,8.0,8.0,8.0,vendhaya_dosai.jpg,https://www.vegrecipesofindia.com/wp-content/uploads/2016/09/vendhaya-dosai-recipe.jpg
Vegetarian,Breakfast,Ragi Idiyappam,38,159,55.0,19.0,10.0,8.0,ragi_idiyappam.jpg,"https://i0.wp.com/cookingfromheart.com/wp-content/uploads/2020/03/Ragi-Idiyappam-2.jpg?resize=683,1024&ssl=1"
Vegetarian,Breakfast,Vegetable Sevai,38,339,20.0,16.0,8.0,7.0,vegetable_sevai.jpg,http://1.bp.blogspot.com/-ubqUx3bAN7w/T5Ri1Lz3jxI/AAAAAAAAFGM/i7DKBwrsaJs/s1600/sevai.jpg
Vegetarian,Lunch,Mixed Millet Upma,39,326,31.0,7.0,9.0,8.0,mixed_millet_upma.jpg,https://www.archanaskitchen.com/images/archanaskitchen/1-Author/Shaheen_Ali/BROKEN_WHEAT__MIXED_MILLET_UPMA.jpg
Vegetarian,Lunch,Vegetable Pulao with Thinai,51,152,25.0,12.0,10.0,10.0,vegetable_pulao_with_thinai.jpg,https://thespicemess.com/wp-content/uploads/2021/01/Vegetable-Pulao-21-feature.jpg
Vegetarian,Lunch,Carrot Beans Poriyal with Rice,54,268,30.0,16.0,8.0,7.0,carrot_beans_poriyal_with_rice.jpg,https://www.indianveggiedelight.com/wp-content/uploads/2021/02/carrot-beans-poriyal.jpg
Vegetarian,Lunch,Cucumber Pachadi with Barnyard Millet,39,274,23.0,17.0,4.0,6.0,cucumber_pachadi_with_barnyard_millet.jpg,https://recipes.timesofindia.com/thumb/60335250.cms?imgsize=355639&width=800&height=800
Vegetarian,Lunch,Chow Chow Kootu with Ragi Roti,35,319,37.0,8.0,10.0,8.0,chow_chow_kootu_with_ragi_roti.jpg,https://www.jeyashriskitchen.com/wp-content/uploads/2010/10/IMG_4442.jpg
Vegetarian,Lunch,Brown Rice with Sambar,51,220,46.0,7.0,4.0,4.0,brown_rice_with_sambar.jpg,https://www.kannammacooks.com/wp-content/uploads/sambar-sadam-made-with-brown-rice-recipe-1-3.jpg
Vegetarian,Lunch,Vendhaya Kulambu with Rice,53,273,48.0,12.0,4.0,5.0,vendhaya_kulambu_with_rice.jpg,https://www.subbuskitchen.com/wp-content/uploads/2019/12/Vendhaya-Kuzhambu_finalforweb3-scaled.jpg
Vegetarian,Lunch,Tamarind Rice with Millet,42,171,26.0,20.0,8.0,6.0,tamarind_rice_with_millet.jpg,https://www.ticklingpalates.com/wp-content/uploads/2016/10/Millet-tamarind-rice-recipe.jpg
Vegetarian,Lunch,Ash Gourd Sambar with Wheat Dosa,39,295,56.0,17.0,8.0,5.0,ash_gourd_sambar_with_wheat_dosa.jpg,https://hebbarskitchen.com/wp-content/uploads/2017/05/ash-gourd-sambar-recipe-kumblakai-koddel-or-sambar-recipe-1-696x927.jpeg
Vegetarian,Lunch,Mixed Sprout Curry with Chapati,36,365,43.0,13.0,2.0,9.0,mixed_sprout_curry_with_chapati.jpg,https://i.pinimg.com/originals/1e/a5/cc/1ea5cce24548c3d95b6c3a0f7a7eeb44.jpg
Vegetarian,Lunch,Vegetable Kurma with Chapati,39,246,57.0,15.0,2.0,8.0,vegetable_kurma_with_chapati.jpg,http://www.padhuskitchen.com/wp-content/uploads/2013/11/chapati-kurma.jpg
Vegetarian,Lunch,Kootu with Red Rice,49,254,30.0,13.0,4.0,8.0,kootu_with_red_rice.jpg,https://indiancurrytrail.com/wp-content/uploads/2023/03/Zucchini-Kootu-1-1.jpeg
Vegetarian,Lunch,Rajma Curry with Millet Roti,52,180,49.0,10.0,6.0,5.0,rajma_curry_with_millet_roti.jpg,https://www.cubesnjuliennes.com/wp-content/uploads/2020/06/Authentic-Punjabi-Rajma-Recipe.jpg
Vegetarian,Lunch,Quinoa Tomato Rice,46,289,47.0,17.0,9.0,8.0,quinoa_tomato_rice.jpg,https://simple-veganista.com/wp-content/uploads/2020/05/best-quinoa-spanish-rice-4-1.jpg
Vegetarian,Lunch,Drumstick Rasam with Rice,40,180,21.0,7.0,5.0,4.0,drumstick_rasam_with_rice.jpg,https://i.pinimg.com/originals/e1/32/a1/e132a14753cd02339685046ceb38fcae.jpg
Vegetarian,Lunch,Millet Khichdi,54,305,41.0,13.0,8.0,7.0,millet_khichdi.jpg,https://www.funfoodfrolic.com/wp-content/uploads/2023/03/Millet-Khichdi-2.jpg
Vegetarian,Lunch,Pumpkin Sambar with Millet Rice,37,289,25.0,11.0,10.0,6.0,pumpkin_sambar_with_millet_rice.jpg,https://www.yummytummyaarthi.com/wp-content/uploads/2014/12/1-45.jpg
Vegetarian,Lunch,Keerai Masiyal with Kambu Sadam,41,178,32.0,16.0,6.0,8.0,keerai_masiyal_with_kambu_sadam.jpg,https://www.cookclickndevour.com/wp-content/uploads/2018/01/keerai-masiyal-recipe-738x1024.jpg
Vegetarian,Lunch,Dal Tadka with Red Rice,43,251,27.0,16.0,3.0,8.0,dal_tadka_with_red_rice.jpg,https://www.thecuriouschickpea.com/wp-content/uploads/2019/04/masoor-tadka-dal-4.jpg
Vegetarian,Lunch,Thinai Sadam with Avial,36,212,34.0,18.0,9.0,10.0,thinai_sadam_with_avial.jpg,https://www.southindianfoods.in/recipe_picture_enlarge/lemon-foxtail-millet-thinai-elumichai-sadam.jpg
Vegetarian,Lunch,Vegetable Stew with Broken Wheat,37,172,29.0,12.0,4.0,10.0,vegetable_stew_with_broken_wheat.jpg,https://www.archanaskitchen.com/imgcache/images/archanaskitchen/0-Affiliate-Articles/Pumpkin_Stew_With_Chickpeas__1_1_800x640.jpg
Vegetarian,Lunch,Cabbage Poriyal with Chapati,44,256,28.0,9.0,5.0,10.0,cabbage_poriyal_with_chapati.jpg,http://4.bp.blogspot.com/-BLrUsH0pxOU/UmjcB2M2dlI/AAAAAAAABos/3XK1ELpik9g/s1600/DSC03077.JPG
Vegetarian,Lunch,Moringa Leaves Curry with Rice,40,155,23.0,10.0,4.0,6.0,moringa_leaves_curry_with_rice.jpg,https://i.pinimg.com/originals/20/ea/c4/20eac4bce560560a2af592c45e1f994b.jpg
Vegetarian,Lunch,Brinjal Gothsu with Millet Rice,44,322,21.0,8.0,9.0,8.0,brinjal_gothsu_with_millet_rice.jpg,http://1.bp.blogspot.com/-3FZMH0W901E/VjN6XzyUNGI/AAAAAAAACV4/LFflq-eG4EU/s1600/kotsu+2.jpg
Vegetarian,Lunch,Snake Gourd Kootu with Quinoa,50,204,29.0,20.0,7.0,4.0,snake_gourd_kootu_with_quinoa.jpg,http://www.cookingwithshobha.com/wp-content/uploads/2011/12/Podalangai-Kootu-1.jpg
Vegetarian,Snacks,Peanut Masala,48,253,39.0,7.0,7.0,5.0,peanut_masala.jpg,https://rakskitchen.net/wp-content/uploads/2021/07/featured-masala-peanuts.jpg
Vegetarian,Snacks,Vegetable Soup,53,177,29.0,13.0,9.0,7.0,vegetable_soup.jpg,https://cdn.loveandlemons.com/wp-content/uploads/2014/10/homemade-vegetable-soup.jpg
Vegetarian,Snacks,Spinach Pakora (Air-fried),54,376,21.0,13.0,2.0,4.0,spinach_pakora_(air-fried).jpg,https://2.bp.blogspot.com/-q3Lf3YxpFs8/XEV0HlaL8rI/AAAAAAAAFdA/MQOOhAg9yegnKbQN8LqmwJWiKDjHY_zbQCEwYBhgL/s1600/20190117_084552.jpg
Vegetarian,Snacks,Masala Buttermilk,47,243,43.0,16.0,5.0,6.0,masala_buttermilk.jpg,https://www.archanaskitchen.com/images/archanaskitchen/Indian_Beverages/Masala_Chaas_Recipe_Indian_Spiced_Buttermilk-1_1600.jpg
Vegetarian,Snacks,Cucumber Sticks with Hummus,40,382,40.0,7.0,5.0,7.0,cucumber_sticks_with_hummus.jpg,https://hurrythefoodup.com/wp-content/uploads/2021/10/Cucumber-Sticks-with-Hummus.jpg
Vegetarian,Snacks,Sesame Chikki,46,309,55.0,9.0,6.0,8.0,sesame_chikki.jpg,https://udupi-recipes.com/wp-content/uploads/2018/12/Tasty-sesame-chikki.jpg
Vegetarian,Snacks,Low-GI Trail Mix,41,326,28.0,20.0,10.0,10.0,low-gi_trail_mix.jpg,https://i.pinimg.com/originals/8b/7e/9b/8b7e9b341f42ed42322b884ddee117e3.jpg
Vegetarian,Snacks,Boiled Channa,49,320,44.0,12.0,9.0,5.0,boiled_channa.jpg,https://i.pinimg.com/originals/bd/cc/08/bdcc08a8be641fab03f5dadaa619937a.jpg
Vegetarian,Snacks,Mixed Fruit Chaat,54,339,24.0,13.0,9.0,8.0,mixed_fruit_chaat.jpg,https://2.bp.blogspot.com/-K_N8M-U6Ios/Wojvh143J0I/AAAAAAAAfwE/MwKEzTE6Q9odFUfjFWIdb-XIBT9IF6gzQCEwYBhgL/s1600/587.jpg
Vegetarian,Snacks,Oats and Jaggery Ladoo,50,218,23.0,12.0,10.0,4.0,oats_and_jaggery_ladoo.jpg,"https://i0.wp.com/foodtrails25.com/wp-content/uploads/2020/08/Oats-nut-ladoo.jpeg?resize=720,561&ssl=1"
Vegetarian,Snacks,Vegetable Spring Rolls (Baked),43,208,53.0,17.0,8.0,6.0,vegetable_spring_rolls_(baked).jpg,https://www.connoisseurusveg.com/wp-content/uploads/2022/04/baked-spring-rolls-sq.jpg
Vegetarian,Snacks,Bajra Murukku,53,189,44.0,11.0,3.0,4.0,bajra_murukku.jpg,"https://cdn.tarladalal.com/members/9306/big/big_bajra_chakli,_bajra_murukku-15203.jpg?size=696X905"
Vegetarian,Snacks,Almond and Flaxseed Ladoo,44,201,28.0,13.0,7.0,4.0,almond_and_flaxseed_ladoo.jpg,https://images.slurrp.com/prod/recipe_images/better-butter/flaxseed-almond-ladoo-1614316823_COTCMJ9C1PY5L9DLKDNK.webp
Vegetarian,Snacks,Ragi Cookies,42,161,47.0,16.0,10.0,10.0,ragi_cookies.jpg,https://www.cookwithmanali.com/wp-content/uploads/2021/01/Ragi-Cookies.jpg
Vegetarian,Snacks,Carrot and Cucumber Salad,40,297,47.0,11.0,7.0,4.0,carrot_and_cucumber_salad.jpg,https://joyfilledeats.com/wp-content/uploads/2022/10/carrot-and-cucumber-salad-3-2.jpg
Vegetarian,Snacks,Paneer Tikka,38,265,45.0,20.0,10.0,7.0,paneer_tikka.jpg,https://www.cookforindia.com/wp-content/uploads/2016/08/Paneer-Tikka-_LR.jpg
Vegetarian,Snacks,Tomato Soup,43,320,22.0,20.0,7.0,6.0,tomato_soup.jpg,https://www.cookingclassy.com/wp-content/uploads/2020/10/tomato-soup-7.jpg
Vegetarian,Snacks,Pumpkin Seeds Mix,49,364,25.0,20.0,9.0,7.0,pumpkin_seeds_mix.jpg,http://www.thewannabechef.net/wp-content/uploads/2012/01/pumpkin-seed-trail-mix.jpg
Vegetarian,Snacks,Protein Bar (Homemade),45,398,30.0,9.0,4.0,10.0,protein_bar_(homemade).jpg,http://freshfitnhealthy.com/wp-content/uploads/2016/08/chocolateproteinbars.jpg
Vegetarian,Snacks,Chia Seed Pudding,39,199,55.0,12.0,8.0,8.0,chia_seed_pudding.jpg,https://healthyfitnessmeals.com/wp-content/uploads/2021/07/Chia-pudding-11.jpg
Vegetarian,Snacks,Green Gram Sundal,45,249,39.0,14.0,7.0,9.0,green_gram_sundal.jpg,http://farm9.staticflickr.com/8457/8073690952_876ccb4524_o.jpg
Vegetarian,Snacks,Ragi Murukku,54,390,47.0,13.0,6.0,10.0,ragi_murukku.jpg,http://foodandremedy.com/wp-content/uploads/2013/12/Ragi-Chakli.jpg
Vegetarian,Snacks,Baked Bhakarwadi,43,384,29.0,12.0,9.0,8.0,baked_bhakarwadi.jpg,https://www.archanaskitchen.com/images/archanaskitchen/1-Author/Divya_Shivaraman_/Baked_Bhakarwadi_Recipe.jpg
Vegetarian,Snacks,Roasted Makhana,36,262,34.0,12.0,6.0,7.0,roasted_makhana.jpg,https://cdn2.foodviva.com/static-content/food-images/snacks-recipes/roasted-makhana-masala/roasted-makhana-masala.jpg
Vegetarian,Snacks,Sprouted Moong Salad,50,378,51.0,13.0,4.0,4.0,sprouted_moong_salad.jpg,http://www.tarladalal.com/members/9306/big/big_sprouted_moong_salad-8057.jpg
Vegetarian,Dinner,Cabbage Stir Fry with Chapati,50,185,29.0,14.0,9.0,6.0,cabbage_stir_fry_with_chapati.jpg,https://www.ajinomoto.com.my/sites/default/files/content/recipe/image/2022-10/cabbage+with+chapati+1.jpg
Vegetarian,Dinner,Wheat Roti with Dal,55,227,57.0,12.0,2.0,8.0,wheat_roti_with_dal.jpg,https://www.cookwithmanali.com/wp-content/uploads/2020/03/Roti-Indian-Flatbread.jpg
Vegetarian,Dinner,Millet Pongal,50,255,25.0,14.0,4.0,7.0,millet_pongal.jpg,https://www.indianveggiedelight.com/wp-content/uploads/2021/04/millet-pongal-instant-pot-1152x1536.jpg
Vegetarian,Dinner,Thinai Pongal with Buttermilk,35,204,23.0,11.0,5.0,8.0,thinai_pongal_with_buttermilk.jpg,https://c5.staticflickr.com/9/8363/28912896652_bdd62ef890_o.jpg
Vegetarian,Dinner,Cucumber Raita with Red Rice,43,309,35.0,8.0,5.0,8.0,cucumber_raita_with_red_rice.jpg,https://www.indianveggiedelight.com/wp-content/uploads/2022/12/cucumber-raita-recipe-1.jpg
Vegetarian,Dinner,Vegetable Dosa,52,289,30.0,17.0,9.0,9.0,vegetable_dosa.jpg,https://www.awesomecuisine.com/wp-content/uploads/2019/11/vegetable-dosa.jpg
Vegetarian,Dinner,Sprouted Green Gram Curry,36,318,54.0,7.0,5.0,4.0,sprouted_green_gram_curry.jpg,https://i1.wp.com/eateriesdelightful.com/wp-content/uploads/2020/01/dsc_3819.jpg?w=750&ssl=1
Vegetarian,Dinner,Drumstick Leaves Stir Fry,40,238,56.0,10.0,5.0,8.0,drumstick_leaves_stir_fry.jpg,https://www.indianhealthyrecipes.com/wp-content/uploads/2013/11/drumstick-leaves-stir-fry.jpg
Vegetarian,Dinner,Broccoli Stir Fry with Red Rice,35,206,55.0,17.0,6.0,10.0,broccoli_stir_fry_with_red_rice.jpg,https://kristineskitchenblog.com/wp-content/uploads/2022/04/broccoli-stir-fry-19-2.jpg
Vegetarian,Dinner,Pumpkin Soup,38,358,35.0,8.0,7.0,6.0,pumpkin_soup.jpg,https://healthyfitnessmeals.com/wp-content/uploads/2019/09/Roasted-pumpkin-soup-8.jpg
Vegetarian,Dinner,Oats Khichdi,41,344,24.0,11.0,10.0,8.0,oats_khichdi.jpg,https://www.funfoodfrolic.com/wp-content/uploads/2022/01/Oats-Khichdi-Blog.jpg
Vegetarian,Dinner,Kambu Dosai with Tomato Chutney,39,322,56.0,18.0,8.0,6.0,kambu_dosai_with_tomato_chutney.jpg,https://www.sharmispassions.com/wp-content/uploads/2020/12/14663868019_46775bcfbe_o.jpg
Vegetarian,Dinner,Kuthiraivali Pongal with Curd,45,247,27.0,14.0,8.0,9.0,kuthiraivali_pongal_with_curd.jpg,https://3.bp.blogspot.com/-5rxW21afxNU/WPglsc3xlVI/AAAAAAAAYX8/CWG0NDgDwr0_KG8Iiz0M3fGqDdxctNDIACLcB/s1600/Kuthiraivali+Pongal_finalforweb4.jpg
Vegetarian,Dinner,Sambar with Multi-Millet Rice,42,173,50.0,13.0,9.0,8.0,sambar_with_multi-millet_rice.jpg,https://www.sandyathome.com/wp-content/uploads/2020/09/kutharaivali-sambar-sadam-1-1024x1536.jpg
Vegetarian,Dinner,Soya Chunk Curry with Rice,45,302,57.0,17.0,3.0,8.0,soya_chunk_curry_with_rice.jpg,https://hebbarskitchen.com/wp-content/uploads/2016/12/soya-chunks-curry-recipe-soya-bean-curry-recipe-soya-bean-recipe-25.jpeg
Vegetarian,Dinner,Vegetable Adai,36,176,55.0,13.0,9.0,7.0,vegetable_adai.jpg,https://www.awesomecuisine.com/wp-content/uploads/2018/08/vegetable-adai.jpg
Vegetarian,Dinner,Vegetable Upma,48,211,36.0,18.0,7.0,10.0,vegetable_upma.jpg,https://myfoodstory.com/wp-content/uploads/2022/11/Vegetable-Upma-2-1024x1536.jpg
Vegetarian,Dinner,Quinoa Salad with Sprouts,36,219,27.0,15.0,10.0,8.0,quinoa_salad_with_sprouts.jpg,https://veganleaves.com/wp-content/uploads/2019/06/IMG_0608.jpg
Vegetarian,Dinner,Bajra Roti with Chutney,49,387,45.0,12.0,5.0,8.0,bajra_roti_with_chutney.jpg,https://globalbihari.com/wp-content/uploads/2023/01/IMG_20230102_133415-1-scaled.jpg
Vegetarian,Dinner,Mixed Vegetable Soup,42,247,54.0,14.0,7.0,7.0,mixed_vegetable_soup.jpg,https://images.eatsmarter.com/sites/default/files/styles/920x690/public/mixed-vegetable-soup-592992.jpg
Vegetarian,Dinner,Brinjal Stir Fry with Chapati,42,240,38.0,10.0,2.0,8.0,brinjal_stir_fry_with_chapati.jpg,https://1.bp.blogspot.com/-LV2xWj_Ex-Y/XyY7ViafEAI/AAAAAAAAkjY/Ijfg8c-qyeIUPm7Er8gnfX8Qc9qC0IZBACLcBGAsYHQ/s2048/20200702_111917.jpg
Vegetarian,Dinner,Kollu Rasam with Rice,55,201,48.0,12.0,8.0,6.0,kollu_rasam_with_rice.jpg,https://3.bp.blogspot.com/-RKIM56YIrd8/T3juvjtde9I/AAAAAAAACN4/hV3Yzchy_kY/s1600/Kollu+Rasam+-+Kerala+Recipe.jpg
Vegetarian,Dinner,Ragi Idli with Coconut Chutney,35,336,27.0,13.0,10.0,9.0,ragi_idli_with_coconut_chutney.jpg,https://img-global.cpcdn.com/recipes/890a85085f17327a/680x482cq70/ragi-idli-with-coconut-chutney-recipe-main-photo.jpg
Vegetarian,Dinner,Tomato Rasam with Millet Rice,40,381,45.0,20.0,3.0,9.0,tomato_rasam_with_millet_rice.jpg,https://www.yummyoyummy.com/wp-content/uploads/2015/05/Tomato-rasam.jpg
Vegetarian,Dinner,Tomato Uthappam,41,208,42.0,9.0,10.0,7.0,tomato_uthappam.jpg,https://www.awesomecuisine.com/wp-content/uploads/2015/04/Tomato-Uttapam.jpg
Non-Vegetarian,Breakfast,Egg Dosa,44,319,49.0,12.0,7.0,4.0,egg_dosa.jpg,https://vismaifood.com/storage/app/uploads/public/a95/608/610/thumb__1200_0_0_0_auto.jpg
Non-Vegetarian,Breakfast,Chicken Adai,42,267,30.0,20.0,10.0,10.0,chicken_adai.jpg,https://farm4.staticflickr.com/3766/9407059376_9970d43532_b.jpg
Non-Vegetarian,Breakfast,Scrambled Eggs with Red Rice,35,193,56.0,19.0,5.0,8.0,scrambled_eggs_with_red_rice.jpg,https://www.budgetbytes.com/wp-content/uploads/2023/10/Scrambled-Eggs-With-Rice-Plated.jpg
Non-Vegetarian,Breakfast,Ragi Pancakes with Egg Whites,39,338,43.0,11.0,8.0,4.0,ragi_pancakes_with_egg_whites.jpg,https://recipes.timesofindia.com/thumb/54718645.cms?imgsize=306527&width=800&height=800
Non-Vegetarian,Breakfast,Chicken Omelette,50,278,23.0,18.0,6.0,4.0,chicken_omelette.jpg,https://www.pureandsimplenourishment.com/wp-content/uploads/2020/11/Chicken-Omelette-14.jpg
Non-Vegetarian,Breakfast,Egg Puttu,35,201,36.0,17.0,4.0,8.0,egg_puttu.jpg,https://www.yummyoyummy.com/wp-content/uploads/2014/03/Mutta-puttu.jpg
Non-Vegetarian,Breakfast,Tomato and Egg Stir Fry,48,252,45.0,16.0,3.0,6.0,tomato_and_egg_stir_fry.jpg,https://ohsnapletseat.com/wp-content/uploads/2020/12/Chinese-Tomato-Egg-Stir-Fry-10-scaled.jpg
Non-Vegetarian,Breakfast,Prawn Masala with Thinai,39,287,56.0,17.0,5.0,5.0,prawn_masala_with_thinai.jpg,https://thespiceadventuress.com/wp-content/uploads/2022/08/kerala-prawn-masala-4-scaled.jpg
Non-Vegetarian,Breakfast,Fish Curry with Idiyappam,46,358,59.0,16.0,4.0,7.0,fish_curry_with_idiyappam.jpg,https://i.redd.it/if0hwildxo941.jpg
Non-Vegetarian,Breakfast,Ragi Roti with Fish Curry,44,242,31.0,12.0,5.0,8.0,ragi_roti_with_fish_curry.jpg,https://www.indianhealthyrecipes.com/wp-content/uploads/2014/10/ragi-roti-recipe-1.jpg
Non-Vegetarian,Breakfast,Millet Roti with Chicken Masala,38,238,58.0,17.0,8.0,7.0,millet_roti_with_chicken_masala.jpg,https://cdn.millettable.com/wp-content/comment-image/6965.jpg
Non-Vegetarian,Breakfast,Chicken Kuzhambu with Millet Rice,42,307,20.0,13.0,7.0,7.0,chicken_kuzhambu_with_millet_rice.jpg,http://myediblecravings.com/wp-content/uploads/2014/05/132.jpg
Non-Vegetarian,Breakfast,Fish Cutlets,45,310,41.0,15.0,3.0,6.0,fish_cutlets.jpg,https://media.oceanofrecipes.com/images/indian/fish-cutlet/27.JPG
Non-Vegetarian,Breakfast,Vegetable and Egg Upma,48,193,53.0,16.0,5.0,6.0,vegetable_and_egg_upma.jpg,https://d36v5spmfzyapc.cloudfront.net/wp-content/uploads/2021/02/Veg-Upma-2.jpg
Non-Vegetarian,Breakfast,Baked Fish with Ragi Roti,43,304,55.0,20.0,10.0,8.0,baked_fish_with_ragi_roti.jpg,https://i.ytimg.com/vi/CrbEpS9wz_o/maxresdefault.jpg
Non-Vegetarian,Breakfast,Mutton Paya Soup,52,283,25.0,16.0,5.0,8.0,mutton_paya_soup.jpg,https://recipes.timesofindia.com/thumb/70361843.cms?imgsize=328990&width=800&height=800
Non-Vegetarian,Breakfast,Chicken Keema with Red Rice,46,386,28.0,12.0,4.0,9.0,chicken_keema_with_red_rice.jpg,https://flavoursofmykitchen.com/wp-content/uploads/2020/05/MG_6608-scaled.jpg
Non-Vegetarian,Breakfast,Broken Wheat with Chicken Stew,45,263,60.0,14.0,4.0,10.0,broken_wheat_with_chicken_stew.jpg,http://www.recipesaresimple.com/wp-content/uploads/2015/09/chicken-haleem.jpg
Non-Vegetarian,Breakfast,Spiced Chicken Soup,35,243,24.0,18.0,10.0,4.0,spiced_chicken_soup.jpg,https://tastesbetterfromscratch.com/wp-content/uploads/2010/11/Spicy-Chicken-Soup-1.jpg
Non-Vegetarian,Breakfast,Oats and Egg Omelette,36,244,48.0,14.0,10.0,10.0,oats_and_egg_omelette.jpg,https://www.indianhealthyrecipes.com/wp-content/uploads/2015/10/oats-egg-omelette-recipe.jpg
Non-Vegetarian,Breakfast,Egg Whites with Keerai Sadam,36,290,21.0,10.0,8.0,6.0,egg_whites_with_keerai_sadam.jpg,https://3.bp.blogspot.com/-WV6p4W7PKxc/WCGXsECjQ6I/AAAAAAAAVck/09JpxLBl26QMjfHTMEKbxSQ4mCpuZgtngCLcB/s1600/IMG_5841.JPG
Non-Vegetarian,Breakfast,Oats and Egg Bhurji,41,153,21.0,13.0,8.0,5.0,oats_and_egg_bhurji.jpg,https://i.pinimg.com/originals/67/06/52/6706521e8710cad03ab3e43847aa516d.jpg
Non-Vegetarian,Breakfast,Quinoa with Egg Curry,40,355,43.0,11.0,4.0,10.0,quinoa_with_egg_curry.jpg,http://www.kosherinthekitch.com/wp-content/uploads/2016/08/egg.jpg
Non-Vegetarian,Breakfast,Egg Bhurji with Chapati,54,238,22.0,11.0,2.0,6.0,egg_bhurji_with_chapati.jpg,https://c8.alamy.com/comp/2EBTYHN/spicy-egg-bhurji-with-chapati-roti-scrambled-egg-with-indian-flatbread-paratha-green-peas-lentil-protein-rich-breakfast-food-delhi-india-masala-2EBTYHN.jpg
Non-Vegetarian,Breakfast,Mutton Keema Dosai,41,397,49.0,12.0,2.0,8.0,mutton_keema_dosai.jpg,https://www.licious.in/blog/wp-content/uploads/2023/01/shutterstock_566365732.jpg
Non-Vegetarian,Lunch,Egg Curry with Millet Roti,45,322,28.0,10.0,3.0,8.0,egg_curry_with_millet_roti.jpg,"https://images.fittrapi.com/tr:w-1024,pr-true,q-60/c13a66a1-64fb-4111-8ab7-663ee3a11726.jpg"
Non-Vegetarian,Lunch,Chicken Kebab with Quinoa,39,204,57.0,19.0,4.0,7.0,chicken_kebab_with_quinoa.jpg,https://www.aspicyperspective.com/wp-content/uploads/2017/03/pesto-chicken-kebabs-quinoa-pilaf-18.jpg
Non-Vegetarian,Lunch,Chicken Chettinad with Brown Rice,43,289,43.0,15.0,5.0,5.0,chicken_chettinad_with_brown_rice.jpg,https://www.funfoodfrolic.com/wp-content/uploads/2020/11/Chicken-Chettinad-Thumbnail.jpg
Non-Vegetarian,Lunch,Egg Fried Quinoa,37,210,48.0,14.0,6.0,8.0,egg_fried_quinoa.jpg,https://www.myeclecticbites.com/wp-content/uploads/2020/12/Egg-quinoa-fried-rice-14.jpg
Non-Vegetarian,Lunch,Mutton Kurma with Millet Pulao,52,194,37.0,18.0,8.0,8.0,mutton_kurma_with_millet_pulao.jpg,https://www.licious.in/blog/wp-content/uploads/2020/12/Mutton-Pulao-600x600.jpg
Non-Vegetarian,Lunch,Pepper Chicken with Wheat Dosa,35,306,29.0,16.0,9.0,9.0,pepper_chicken_with_wheat_dosa.jpg,https://myannoyingopinions.files.wordpress.com/2022/09/dosa-pepper-chicken-served.jpg
Non-Vegetarian,Lunch,Mutton Kola Urundai with Red Rice,37,324,27.0,10.0,7.0,7.0,mutton_kola_urundai_with_red_rice.jpg,https://melam.com/wp-content/uploads/2022/12/madurai-mutton-kolai-urundai.jpg
Non-Vegetarian,Lunch,Chicken Salad with Brown Rice,38,173,23.0,17.0,3.0,9.0,chicken_salad_with_brown_rice.jpg,https://www.tasteofhome.com/wp-content/uploads/2018/01/Brown-Rice-Salad-with-Grilled-Chicken_exps16302_CX1995537B04_08_1b_RMS.jpg
Non-Vegetarian,Lunch,Grilled Fish with Salad,54,362,30.0,20.0,4.0,9.0,grilled_fish_with_salad.jpg,https://www.happyfoodstube.com/wp-content/uploads/2017/06/grilled-whole-fish-with-italian-bread-salad-picture.jpg
Non-Vegetarian,Lunch,Oats Porridge with Boiled Egg,53,293,56.0,16.0,3.0,7.0,oats_porridge_with_boiled_egg.jpg,https://thumbs.dreamstime.com/z/breakfast-oatmeal-porridge-boiled-eggs-cucumber-strawberry-healthy-balanced-food-269733848.jpg
Non-Vegetarian,Lunch,Crab Curry with Broken Wheat,42,151,52.0,17.0,4.0,7.0,crab_curry_with_broken_wheat.jpg,https://www.thespruceeats.com/thmb/UmOc8lgXQ8c4jpH2sM90-XuHOtM=/960x0/filters:no_upscale():max_bytes(150000):strip_icc()/indian-crab-curry-1957735-hero-01-74d33f0b5657459b853a6e8bed66e90f.jpg
Non-Vegetarian,Lunch,Grilled Prawn with Millet Upma,51,180,59.0,19.0,2.0,10.0,grilled_prawn_with_millet_upma.jpg,https://www.spicypunch.com/wp-content/uploads/2019/11/grilled-prawns-recipe-1.jpg
Non-Vegetarian,Lunch,Spiced Egg Curry with Chapati,46,254,28.0,10.0,8.0,7.0,spiced_egg_curry_with_chapati.jpg,https://i.pinimg.com/originals/b7/0a/5f/b70a5f86855cb7418c7eed4d500cbadb.jpg
Non-Vegetarian,Lunch,Mutton Dalcha with Brown Rice,43,233,34.0,14.0,2.0,10.0,mutton_dalcha_with_brown_rice.jpg,https://yummyindiankitchen.com/wp-content/uploads/2014/09/dalcha-recipe-hyderabadi-style-with-mutton-1152x1536.jpg
Non-Vegetarian,Lunch,Fish Tikka with Millet Rice,53,242,58.0,13.0,5.0,5.0,fish_tikka_with_millet_rice.jpg,https://vaya.in/recipes/wp-content/uploads/2018/03/Fish-Tikka.jpg
Non-Vegetarian,Lunch,Boiled Egg with Keerai Masiyal,47,377,37.0,14.0,5.0,7.0,boiled_egg_with_keerai_masiyal.jpg,https://i.pinimg.com/originals/4f/59/3d/4f593d30509a5a1df0e84df3ad724ff0.jpg
Non-Vegetarian,Lunch,Chicken Stew with Ragi Roti,44,190,25.0,14.0,7.0,9.0,chicken_stew_with_ragi_roti.jpg,https://wpvip.publix.com/blackcommunity/wp-content/uploads/sites/11/2022/04/Caribbean-Chicken-Curry-Stew-with-Roti-Wraps.jpg
Non-Vegetarian,Lunch,Prawn Masala with Chapati,48,251,29.0,11.0,9.0,5.0,prawn_masala_with_chapati.jpg,https://thespiceadventuress.com/wp-content/uploads/2022/08/kerala-prawn-masala-4-scaled.jpg
Non-Vegetarian,Lunch,Grilled Salmon with Stir-Fried Vegetables,43,167,57.0,17.0,4.0,8.0,grilled_salmon_with_stir-fried_vegetables.jpg,https://www.abelandcole.co.uk/media/1831_11799_z.jpg
Non-Vegetarian,Lunch,Prawn Roast with Ragi Idiyappam,48,193,41.0,13.0,8.0,5.0,prawn_roast_with_ragi_idiyappam.jpg,https://www.datingflavors.com/wp-content/uploads/2021/04/20210226_140226-scaled.jpg
Non-Vegetarian,Lunch,Fish Kuzhambu with Red Rice,37,206,31.0,15.0,6.0,8.0,fish_kuzhambu_with_red_rice.jpg,https://www.sandyathome.com/wp-content/uploads/2016/11/IMG_3692.jpg
Non-Vegetarian,Lunch,Tandoori Chicken with Bajra Roti,35,393,32.0,16.0,6.0,7.0,tandoori_chicken_with_bajra_roti.jpg,https://www.yummyoyummy.com/wp-content/uploads/2020/11/IMG_9730-scaled.jpg
Non-Vegetarian,Lunch,Mutton Chops with Thinai Sadam,54,197,24.0,11.0,9.0,7.0,mutton_chops_with_thinai_sadam.jpg,https://www.foodfusion.com/wp-content/uploads/2019/08/Tandoori-Mutton-Chops-Recipe-by-food-fusion-4.jpg?v=1587763191
Non-Vegetarian,Lunch,Mutton Sukka with Millet Rice,55,317,38.0,19.0,7.0,7.0,mutton_sukka_with_millet_rice.jpg,https://www.licious.in/blog/wp-content/uploads/2020/12/Mutton-Sukka.jpg
Non-Vegetarian,Lunch,Kozhi Rasam with Rice,46,258,35.0,9.0,3.0,10.0,kozhi_rasam_with_rice.jpg,https://www.sandyathome.com/wp-content/uploads/2021/01/kozhi-rasam.jpeg
KARTHIKEYAN S,20,Male,Veg,dvf,,,,,,https://mightygoodness.com/wp-content/uploads/2021/02/10-Best-Diets-For-Men_MG-1365x2048.jpg
Dr. Shifa Cyclewala,23,Male,Veg,sfd,,,,,,https://mightygoodness.com/wp-content/uploads/2021/02/10-Best-Diets-For-Men_MG-1365x2048.jpg
